,0
0,WH0.5_SRT0.6_SP0.7_MD1_SZ1.jpg
1,WH0.75_SRT0_SP0_MD0_SZ1.jpg
2,WH0.5_SRT1_SP0.9_MD0.9_SZ1.jpg
3,WH0.5_SRT0.7_SP0.6_MD0.3_SZ1.jpg
4,WH0.75_SRT0.8_SP0.78_MD0.89_SZ1.jpg
5,WH0.5_SRT0.6_SP0.5_MD1_SZ1.jpg
6,WH0.5_SRT0.8_SP0.73_MD0.8_SZ1.jpg
7,WH0.5_SRT0.1_SP0.32_MD0.2_SZ1.jpg
8,WH0.75_SRT0_SP0.07_MD0.1_SZ0.jpg
9,WH0.5_SRT0.7_SP0.7_MD1_SZ1.jpg
10,WH0.5_SRT0_SP0.11_MD0_SZ1.jpg
11,WH0.5_SRT0.71_SP0.7_MD0.66_SZ1.jpg
12,WH0.5_SRT0.77_SP0.91_MD1_SZ1.jpg
13,WH0.5_SRT0.3_SP0.6_MD0.2_SZ1.jpg
14,WH0.5_SRT0.12_SP0.7_MD0.1_SZ1.jpg
15,WH0.5_SRT0.28_SP0.67_MD0.92_SZ1.jpg
16,WH0.5_SRT0.5_SP0.4_MD0.7_SZ1.jpg
17,WH0.5_SRT0.89_SP0.7_MD0.95_SZ1.jpg
18,WH0.5_SRT1_SP1_MD1_SZ1.jpg
19,WH0.5_SRT0.34_SP0.82_MD0.5_SZ1.jpg
20,WH0.5_SRT0.9_SP1_MD1_SZ1.jpg
21,WH0.5_SRT0.74_SP0.76_MD0.85_SZ1.jpg
22,WH0.75_SRT0_SP0.12_MD0.2_SZ0.jpg
23,WH1_SRT0_SP0.35_MD0.5_SZ0.jpg
24,WH-0.5_SRT-0.88_SP-0.6_MD-0.92_SZ-1.jpg
25,WH0.5_SRT0.1_SP0.1_MD0.8_SZ1.jpg
26,WH0.75_SRT0.7_SP0.78_MD0.88_SZ1.jpg
27,WH0.5_SRT0.93_SP0.91_MD0.88_SZ1.jpg
28,WH0.5_SRT0_SP0.22_MD0_SZ1.jpg
29,WH0.5_SRT0.33_SP0.96_MD0.3_SZ1.jpg
30,WH0.5_SRT1_SP1_MD0.99_SZ1.jpg
31,WH0.5_SRT1_SP1_MD0.9_SZ1.jpg
32,WH0.5_SRT0.77_SP0.84_MD0.85_SZ1.jpg
33,WH0.5_SRT0.02_SP0.21_MD0_SZ1.jpg
34,WH0.5_SRT0_SP0.35_MD0_SZ1.jpg
35,WH0.75_SRT0.1_SP0.1_MD0.6_SZ0.jpg
36,WH0.5_SRT0.2_SP0.7_MD0.1_SZ1.jpg
37,WH0.5_SRT0.42_SP0.75_MD0.9_SZ1.jpg
38,WH1_SRT0_SP0_MD0.3_SZ0.jpg
39,WH1_SRT0_SP0.12_MD0.1_SZ0.jpg
40,WH0.5_SRT0.88_SP0.78_MD0.69_SZ1.jpg
